"","CellPop","SampleA","SampleB","lowExpression","baseMean","log2FoldChange","lfcSE","stat","pvalue","padj"
"Gm15889_ENSMUSG00000089712","CD11b+","DBP+FITC","UT",TRUE,22.8876479637394,1.50652645597458,0.348933268064634,4.31752026492216,1.57791925453406e-05,0.00119622624553346
"Sim1_ENSMUSG00000019913","CD11b+","DBP+FITC","UT",FALSE,35.8909803104486,-1.48574639622527,0.280061103061083,-5.30507942726065,1.12623946303084e-07,2.91531205393812e-05
"Gm26870_ENSMUSG00000097312","CD11b+","DBP+FITC","UT",FALSE,13572.7280416955,-1.45188658038583,0.335928669978137,-4.32200853973055,1.54615202984876e-05,0.00118908054295543
"Fam115c_ENSMUSG00000029851","CD11b+","DBP+FITC","UT",FALSE,60.6780372625362,1.3033479844424,0.261609280429048,4.98204032481136,6.29173188831438e-07,0.00010770024279142
"Efna5_ENSMUSG00000048915","CD11b+","DBP+FITC","UT",FALSE,127.566581553664,1.30081615785479,0.288661403230765,4.50637370738089,6.59449045207667e-06,0.000630510218542661
"Gm13872_ENSMUSG00000087185","CD11b+","DBP+FITC","UT",FALSE,47.6781513562247,1.29238159326115,0.266002745724478,4.85852726723273,1.18262123969919e-06,0.00017677689037926
"Gm10800_ENSMUSG00000075014","CD11b+","DBP+FITC","UT",FALSE,3201.53028976436,-1.28944546631362,0.311376303203105,-4.14111624118209,3.45619741930628e-05,0.00201541885775261
"Gm11168_ENSMUSG00000096385","CD11b+","DBP+FITC","UT",FALSE,1308.98984214783,-1.25028648315907,0.312377777294567,-4.00248216754569,6.26813935642718e-05,0.0031677982376077
"Rnu3b1_ENSMUSG00000098943","CD11b+","DBP+FITC","UT",FALSE,63.2191259175861,1.23197098085968,0.28642569256916,4.30118879982182,1.69884234715267e-05,0.00125207040488411
"Rnu2-10_ENSMUSG00000065944","CD11b+","DBP+FITC","UT",TRUE,28.9793578470122,1.22116296184755,0.331221591542814,3.68684588513518,0.000227050765963258,0.00760154504469418
"Il12b_ENSMUSG00000004296","CD11b+","DBP+FITC","UT",FALSE,613.849200369746,-1.21393806808907,0.164782745027779,-7.36690038683617,1.74640877056924e-13,3.08910604700856e-10
"Khdc1a_ENSMUSG00000067750","CD11b+","DBP+FITC","UT",FALSE,356.530652609925,1.21114837777869,0.187194168996208,6.47001124166013,9.79956265638297e-11,9.45479622474477e-08
"Myrip_ENSMUSG00000041794","CD11b+","DBP+FITC","UT",FALSE,73.5824997140529,1.20295676565694,0.305201827303466,3.94151233066118,8.09694717123129e-05,0.00378559032283162
"Nrep_ENSMUSG00000042834","CD11b+","DBP+FITC","UT",FALSE,177.846244580414,1.19249369001002,0.201050693048558,5.93130852685997,3.00529887446954e-09,1.68243222096194e-06
"1600029I14Rik_ENSMUSG00000046242","CD11b+","DBP+FITC","UT",FALSE,27.7885980727995,1.18398010050011,0.280726213292229,4.21756161141822,2.46958354652888e-05,0.0015884660714734
"Dusp8_ENSMUSG00000037887","CD11b+","DBP+FITC","UT",FALSE,65.4176660075398,-1.16720676087927,0.255791624722961,-4.56311563032383,5.04000379566121e-06,0.000551438765807757
"Hook1_ENSMUSG00000028572","CD11b+","DBP+FITC","UT",FALSE,106.518989585234,1.1569348670077,0.221442413369853,5.22454054488372,1.74588070957122e-07,4.02805042840855e-05
"Gm24305_ENSMUSG00000095590","CD11b+","DBP+FITC","UT",FALSE,65.4295985089444,1.12658556279281,0.251019586892192,4.488038470387,7.18819506048334e-06,0.000669195738393945
"Bmper_ENSMUSG00000031963","CD11b+","DBP+FITC","UT",FALSE,217.403602828065,1.10767221899703,0.160457201499967,6.90322533761292,5.0834894539356e-12,6.58157481760756e-09
"Frmd5_ENSMUSG00000027238","CD11b+","DBP+FITC","UT",FALSE,171.455513756834,1.07710040261603,0.260532565914918,4.13422559607298,3.56153501600211e-05,0.0020352348675823
"Ptk6_ENSMUSG00000038751","CD11b+","DBP+FITC","UT",FALSE,41.7878307397004,1.06592985627764,0.23869057870536,4.46573912577179,7.97927920820755e-06,0.000730035260661265
"Myh15_ENSMUSG00000092009","CD11b+","DBP+FITC","UT",FALSE,67.9484486031965,-1.05191900705196,0.269895319646623,-3.8975074055721,9.71878512621499e-05,0.0042470784103962
"Spata31d1b_ENSMUSG00000091311","CD11b+","DBP+FITC","UT",FALSE,308.510282934776,-1.05114504553571,0.123223032100469,-8.53042671989006,1.45808871286906e-17,5.15823183655979e-14
"Npr1_ENSMUSG00000027931","CD11b+","DBP+FITC","UT",FALSE,212.984193202809,1.04228050740975,0.182417229181458,5.71371746016906,1.1053446472343e-08,5.10044467004245e-06
"Vegfa_ENSMUSG00000023951","CD11b+","DBP+FITC","UT",FALSE,65.8545499670632,-1.04189097146016,0.247812615369056,-4.20435000820486,2.61833500601059e-05,0.00165407079873753
"Etv5_ENSMUSG00000013089","CD11b+","DBP+FITC","UT",FALSE,48.9012987434634,-1.04164400317237,0.261500392510113,-3.98333628937894,6.79544889435304e-05,0.00331083992641138
"Megf11_ENSMUSG00000036466","CD11b+","DBP+FITC","UT",FALSE,43.4255965807322,1.03207125013277,0.243630029592256,4.23622347319035,2.27310553390078e-05,0.00154644032251853
"Cd24a_ENSMUSG00000047139","CD11b+","DBP+FITC","UT",FALSE,232.05019835904,-1.01882206036527,0.252026123038792,-4.04252562425225,5.28785318123034e-05,0.00276453132080776
"Gm8773_ENSMUSG00000073234","CD11b+","DBP+FITC","UT",FALSE,77.1930650095833,1.01696694192378,0.203777323036972,4.99057955403248,6.01984010201227e-07,0.000104735349184682
"Ace2_ENSMUSG00000015405","CD11b+","DBP+FITC","UT",FALSE,154.325242503789,0.994737378230044,0.216501211411622,4.59460421373257,4.3357140425431e-06,0.000484367717194841
"Sik1_ENSMUSG00000024042","CD11b+","DBP+FITC","UT",FALSE,691.497729000924,-0.993237612741673,0.187707375088247,-5.29141496051884,1.21373624644018e-07,3.04883930370102e-05
"Crispld2_ENSMUSG00000031825","CD11b+","DBP+FITC","UT",FALSE,2331.17048247401,0.99222884575071,0.108304693510986,9.16145749168349,5.12010426391092e-20,5.43396665528865e-16
"Gm28707_ENSMUSG00000100071","CD11b+","DBP+FITC","UT",FALSE,66.4115278241659,0.98645869113783,0.272913549307592,3.61454641457184,0.000300873913043174,0.00940684392876668
"Oasl1_ENSMUSG00000041827","CD11b+","DBP+FITC","UT",FALSE,38.3887861032417,-0.947684733926289,0.255147255723744,-3.71426583146314,0.000203794480521108,0.00706820529990367
"Cd302_ENSMUSG00000060703","CD11b+","DBP+FITC","UT",FALSE,129.369510405334,0.931673984938811,0.159256725660561,5.85013901971446,4.91162318310259e-09,2.45931148025187e-06
"Slc27a3_ENSMUSG00000027932","CD11b+","DBP+FITC","UT",FALSE,214.763444860173,0.907413096359713,0.141334314980095,6.4203310886497,1.35978274540677e-10,1.20261452308351e-07
"S1pr3_ENSMUSG00000067586","CD11b+","DBP+FITC","UT",FALSE,128.675286574455,0.906180717891625,0.230285393368205,3.93503341500573,8.31851217986403e-05,0.00387212148091653
"Gm20513_ENSMUSG00000092415","CD11b+","DBP+FITC","UT",FALSE,45.9163829891843,0.898490267476378,0.244481998173,3.67507740525169,0.000237777313948246,0.00788603322791479
"Hist1h2bb_ENSMUSG00000075031","CD11b+","DBP+FITC","UT",FALSE,429.601484839647,0.871249934372914,0.192350951745637,4.52948075622233,5.91288191977576e-06,0.000608018418421854
"4930520O04Rik_ENSMUSG00000074039","CD11b+","DBP+FITC","UT",FALSE,153.247982082428,0.866494529303635,0.187564801233833,4.61970755495533,3.84281296814319e-06,0.000438535204633373
"Vmp1_ENSMUSG00000018171","CD11b+","DBP+FITC","UT",FALSE,1420.2279102568,0.855032553407247,0.114517674981483,7.46638065735706,8.24306647064758e-14,1.74967328905966e-10
"Dbp_ENSMUSG00000059824","CD11b+","DBP+FITC","UT",FALSE,162.908378104252,0.854266305122895,0.150464579815791,5.67752427959289,1.3665813480854e-08,6.04313660301266e-06
"BC039771_ENSMUSG00000087594","CD11b+","DBP+FITC","UT",FALSE,87.4792156760319,0.852093769386773,0.20473123921629,4.16201148710174,3.15456477949047e-05,0.0018914912997024
"Dusp10_ENSMUSG00000039384","CD11b+","DBP+FITC","UT",FALSE,189.193846194455,-0.846090394330148,0.200241729551483,-4.22534501787059,2.38574971723834e-05,0.0015539645680871
"Ptgs2_ENSMUSG00000032487","CD11b+","DBP+FITC","UT",FALSE,3173.64292902493,-0.845747400084235,0.152295990399133,-5.55331363529481,2.80304486724676e-08,1.06245411343178e-05
"Rasgef1b_ENSMUSG00000029333","CD11b+","DBP+FITC","UT",FALSE,1123.6563290086,-0.841651311445669,0.150216734690329,-5.60291310539222,2.10778907490307e-08,8.28517238960974e-06
"Pard3b_ENSMUSG00000052062","CD11b+","DBP+FITC","UT",FALSE,60.7423196983979,0.836776738282612,0.228345745565163,3.6645164384892,0.00024780632466006,0.00814231741057962
"Vps37b_ENSMUSG00000066278","CD11b+","DBP+FITC","UT",FALSE,143.738259068544,-0.826123440066482,0.181993002321268,-4.53931431170164,5.64374558180144e-06,0.000587226194702536
"Ccl17_ENSMUSG00000031780","CD11b+","DBP+FITC","UT",FALSE,1186.84787710121,0.825925370756216,0.134855231607091,6.12453340455194,9.09497322323934e-10,6.03280942613995e-07
"Gprc5c_ENSMUSG00000051043","CD11b+","DBP+FITC","UT",FALSE,119.942719925592,-0.81287214158543,0.176549356492897,-4.60422035929729,4.14013909239001e-06,0.000467439321143991
"Hist1h2ad_ENSMUSG00000071478","CD11b+","DBP+FITC","UT",FALSE,82.0628855433716,0.812442920767474,0.198932156039357,4.0840200847506,4.42632025266584e-05,0.00242147097121354
"Ralgds_ENSMUSG00000026821","CD11b+","DBP+FITC","UT",FALSE,74.2326471571748,-0.811950587416186,0.179798764555878,-4.51588524215831,6.30528052202265e-06,0.000619610575742836
"Irf7_ENSMUSG00000025498","CD11b+","DBP+FITC","UT",FALSE,115.773923084713,-0.811430154508481,0.192016248350315,-4.22584110188481,2.38049930839637e-05,0.0015539645680871
"S100a4_ENSMUSG00000001020","CD11b+","DBP+FITC","UT",FALSE,15754.8939306376,0.807583936666341,0.15794826246542,5.1129649928447,3.17141088602886e-07,5.98698924313512e-05
"Tpbg_ENSMUSG00000035274","CD11b+","DBP+FITC","UT",FALSE,83.7238919135245,-0.804103502179896,0.210789413893931,-3.81472431335912,0.000136335049362591,0.00556509184186609
"Bcr_ENSMUSG00000009681","CD11b+","DBP+FITC","UT",FALSE,78.9189773712606,-0.794200952340814,0.190539492334779,-4.16816977209848,3.07055205261682e-05,0.00186215822482413
"3300002I08Rik_ENSMUSG00000063364","CD11b+","DBP+FITC","UT",FALSE,74.9845329053813,0.791224271748259,0.213770111484652,3.70128577027508,0.0002145097217697,0.00727345583751381
"Tgfbr2_ENSMUSG00000032440","CD11b+","DBP+FITC","UT",FALSE,112.032424159182,-0.789174528266301,0.206039117529231,-3.83021698854995,0.000128030309230956,0.00530775653073489
"Zfp808_ENSMUSG00000074867","CD11b+","DBP+FITC","UT",FALSE,77.0220585365417,0.788958082182025,0.198562194288219,3.97335497328776,7.08673140816861e-05,0.00341870365613152
"Gpr162_ENSMUSG00000038390","CD11b+","DBP+FITC","UT",FALSE,149.091838413509,-0.775540501557836,0.149288265307022,-5.19491937268399,2.04808584128312e-07,4.62475213479526e-05
"Rbpms_ENSMUSG00000031586","CD11b+","DBP+FITC","UT",FALSE,209.234146345999,-0.767348262238194,0.136723004794789,-5.61242976915205,1.99505190860537e-08,8.14364842539569e-06
"Tgm2_ENSMUSG00000037820","CD11b+","DBP+FITC","UT",FALSE,69.9091573025892,-0.762889088194901,0.205932738404323,-3.70455467210398,0.000211762432789241,0.00720331634356479
"Snora23_ENSMUSG00000064451","CD11b+","DBP+FITC","UT",FALSE,405.11456835694,0.760439862096024,0.190338966591518,3.99518751054263,6.46430697227538e-05,0.00319353946855888
"Zbtb2_ENSMUSG00000075327","CD11b+","DBP+FITC","UT",FALSE,182.842026891142,-0.745744460517389,0.155064156832045,-4.8092639572737,1.51487060633403e-06,0.000213731006124044
"Cdhr1_ENSMUSG00000021803","CD11b+","DBP+FITC","UT",FALSE,586.201726399353,-0.736728089084297,0.158402927158514,-4.65097522059711,3.30369026924233e-06,0.000385297415686471
"Tead2_ENSMUSG00000030796","CD11b+","DBP+FITC","UT",FALSE,260.786005764175,-0.732329758924303,0.117937359241108,-6.20948072465442,5.31599693213849e-10,4.02990538862755e-07
"Fam20c_ENSMUSG00000025854","CD11b+","DBP+FITC","UT",FALSE,63.4838504652631,-0.726009384255381,0.201850012216861,-3.59677651877167,0.00032218506040276,0.00993997106411189
"Kcnn1_ENSMUSG00000002908","CD11b+","DBP+FITC","UT",FALSE,98.3236111560777,-0.724856169527535,0.185340261037455,-3.91094824983034,9.19344705231684e-05,0.00412259679043996
"Zfp36l2_ENSMUSG00000045817","CD11b+","DBP+FITC","UT",FALSE,189.972977208952,-0.724672316858254,0.152835659382538,-4.7415133339036,2.12127693553367e-06,0.000274550147766083
"Rhbdf2_ENSMUSG00000020806","CD11b+","DBP+FITC","UT",FALSE,202.321943333377,-0.722934625033137,0.13113874019603,-5.51274645427027,3.53276985253551e-08,1.24977621483198e-05
"5930403N24Rik_ENSMUSG00000046463","CD11b+","DBP+FITC","UT",FALSE,533.35021319674,0.72239488236396,0.13436507627831,5.3763589644951,7.60071847329437e-08,2.22294717376245e-05
"Lcp2_ENSMUSG00000002699","CD11b+","DBP+FITC","UT",FALSE,317.468207883885,-0.710930137221532,0.186302973639395,-3.81598921012177,0.000135638431494727,0.00555803348823759
"Arhgap39_ENSMUSG00000033697","CD11b+","DBP+FITC","UT",FALSE,95.2818306579059,-0.705848967196889,0.172593380329495,-4.08966419134595,4.31998173759951e-05,0.00237568211611963
"Lgals1_ENSMUSG00000068220","CD11b+","DBP+FITC","UT",FALSE,987.299801538006,0.703838554790626,0.15456835871822,4.55357461661176,5.27419521902058e-06,0.000565404382418842
"Cd86_ENSMUSG00000022901","CD11b+","DBP+FITC","UT",FALSE,3152.78797360002,0.703678756517425,0.132455804964196,5.31255505719538,1.08098751463773e-07,2.86813012321256e-05
"Hk2_ENSMUSG00000000628","CD11b+","DBP+FITC","UT",FALSE,182.531433392895,-0.699021046164667,0.184079123639444,-3.79739447007495,0.000146224995405419,0.0058341574294651
"Dkkl1_ENSMUSG00000030792","CD11b+","DBP+FITC","UT",FALSE,224.655049107795,-0.695691227546628,0.134985730612253,-5.15381310595711,2.55242335217582e-07,5.27976815348326e-05
"Cbx4_ENSMUSG00000039989","CD11b+","DBP+FITC","UT",FALSE,501.384331711289,-0.692744459268958,0.100132755167865,-6.91826024468838,4.57223787541412e-12,6.58157481760756e-09
"Zfp433_ENSMUSG00000096795","CD11b+","DBP+FITC","UT",FALSE,178.05728707123,0.688292063574579,0.143411256310762,4.79942844990563,1.59119068249789e-06,0.000213763376118356
"Lrrc16a_ENSMUSG00000021338","CD11b+","DBP+FITC","UT",FALSE,238.508866520093,-0.686904902578563,0.140070901503918,-4.90398002157034,9.39140455479883e-07,0.000144450690637797
"Gm26667_ENSMUSG00000097418","CD11b+","DBP+FITC","UT",FALSE,1144.76134443931,-0.68500802699388,0.162129033795045,-4.22507931466386,2.38856637186917e-05,0.0015539645680871
"Pim1_ENSMUSG00000024014","CD11b+","DBP+FITC","UT",FALSE,8532.59796882675,-0.684603631676657,0.154302308780481,-4.43676855574866,9.13193866838642e-06,0.000800969132955249
"Tnfaip2_ENSMUSG00000021281","CD11b+","DBP+FITC","UT",FALSE,2556.03773563716,-0.668249522191313,0.0781080970048675,-8.55544492589121,1.17414975337107e-17,5.15823183655979e-14
"Bbs12_ENSMUSG00000051444","CD11b+","DBP+FITC","UT",FALSE,240.557192463684,0.661853389014504,0.136850308341201,4.83633100310118,1.32257615893181e-06,0.000189682442901936
"Dhrs3_ENSMUSG00000066026","CD11b+","DBP+FITC","UT",FALSE,180.18656079145,-0.660171771803175,0.169048769873044,-3.90521488147454,9.41416951848279e-05,0.00418044272383506
"Myl6_ENSMUSG00000090841","CD11b+","DBP+FITC","UT",FALSE,6713.94252763713,0.659389204067451,0.104245021351251,6.32537837798178,2.52612806116338e-10,2.06229208562515e-07
"Ppfibp2_ENSMUSG00000036528","CD11b+","DBP+FITC","UT",FALSE,217.793630555705,-0.656093265257854,0.13011647146305,-5.0423536534663,4.59840414993096e-07,8.27167173613853e-05
"Mir5618_ENSMUSG00000093615","CD11b+","DBP+FITC","UT",FALSE,122.637305884313,0.64901614001513,0.17731966483113,3.66014756814039,0.00025207003784824,0.00825684972741783
"Nrros_ENSMUSG00000052384","CD11b+","DBP+FITC","UT",FALSE,1595.35866674723,-0.642502285037739,0.120171679730359,-5.34653660895298,8.96531544263077e-08,2.47320594807874e-05
"Tmem256_ENSMUSG00000070394","CD11b+","DBP+FITC","UT",FALSE,261.870253649321,0.641771038653459,0.146267839374899,4.38764284340413,1.14585736916822e-05,0.000957260197143914
"Zhx2_ENSMUSG00000071757","CD11b+","DBP+FITC","UT",FALSE,371.688047566855,-0.637912524053561,0.116427444370597,-5.47905631272845,4.27600268342123e-08,1.43690318000557e-05
"Zbtb10_ENSMUSG00000069114","CD11b+","DBP+FITC","UT",FALSE,2377.09178800413,-0.634029932271809,0.169508716289269,-3.74039722647552,0.000183729660756458,0.00665502692699075
"BC002059_ENSMUSG00000060149","CD11b+","DBP+FITC","UT",FALSE,125.197458351852,0.632883269026695,0.169815835032652,3.72688017524989,0.000193864565725343,0.00679037833677579
"Cx3cl1_ENSMUSG00000031778","CD11b+","DBP+FITC","UT",FALSE,516.281379643024,-0.627169852788652,0.123430543572537,-5.08115604643741,3.75144780871646e-07,6.86450268860478e-05
"Ets2_ENSMUSG00000022895","CD11b+","DBP+FITC","UT",FALSE,1513.06145008779,-0.626872638076493,0.148917765452408,-4.20952218945854,2.55911309685241e-05,0.00162818126366265
"Chchd1_ENSMUSG00000063787","CD11b+","DBP+FITC","UT",FALSE,184.372392435711,0.624568419288318,0.147680552232493,4.22918529113476,2.34539119170547e-05,0.0015539645680871
"Tnfrsf9_ENSMUSG00000028965","CD11b+","DBP+FITC","UT",FALSE,1731.1401408232,0.624043246250796,0.121170747009128,5.15011470717256,2.60327196149485e-07,5.27976815348326e-05
"Tmem70_ENSMUSG00000025940","CD11b+","DBP+FITC","UT",FALSE,367.625285769186,0.619396837140286,0.121204177464201,5.1103588184758,3.2154752365844e-07,5.98698924313512e-05
"Clu_ENSMUSG00000022037","CD11b+","DBP+FITC","UT",FALSE,6174.15463438894,-0.617709828831093,0.0728800184860008,-8.47570900314392,2.33652130185316e-17,6.19937514414191e-14
"Usmg5_ENSMUSG00000071528","CD11b+","DBP+FITC","UT",FALSE,516.226147110491,0.617564997908644,0.165631208240745,3.72855456690875,0.000192581211750204,0.00677184679529513
"Phf1_ENSMUSG00000024193","CD11b+","DBP+FITC","UT",FALSE,165.519832406426,-0.615890508494892,0.170038093412501,-3.62207371380472,0.000292250810675563,0.00929191056185484
"Rab11fip1_ENSMUSG00000031488","CD11b+","DBP+FITC","UT",FALSE,1706.08027588831,-0.6151176383182,0.140975049804419,-4.36330853701828,1.28110063584171e-05,0.00103788710291512
"Tmem158_ENSMUSG00000054871","CD11b+","DBP+FITC","UT",FALSE,408.664067182243,-0.615096432854019,0.117064112014246,-5.25435526115098,1.48543908866071e-07,3.58294660180821e-05
"Gm2115_ENSMUSG00000097789","CD11b+","DBP+FITC","UT",FALSE,303.376871438909,0.613034481859208,0.122540338509873,5.00271575314619,5.65282604997061e-07,9.99890714472302e-05
"Ikzf4_ENSMUSG00000002578","CD11b+","DBP+FITC","UT",FALSE,323.755573693308,0.61024262696041,0.15980908374007,3.81857284128461,0.000134225952485329,0.00552147299894107
"Itpa_ENSMUSG00000074797","CD11b+","DBP+FITC","UT",FALSE,228.372860999211,0.60855559344861,0.136916264259995,4.44472829241822,8.80030158168276e-06,0.000784853787280665
"Ormdl1_ENSMUSG00000026097","CD11b+","DBP+FITC","UT",FALSE,258.800541585071,0.599981476089048,0.128561821431623,4.6668713106881,3.05820735030529e-06,0.000360630606764333
"Ndufa4_ENSMUSG00000029632","CD11b+","DBP+FITC","UT",FALSE,677.139359985122,0.598963440926724,0.139444335716031,4.29535870246084,1.74411096101881e-05,0.00127656893995121
"Slc41a1_ENSMUSG00000013275","CD11b+","DBP+FITC","UT",FALSE,1470.1703556852,-0.596606557087618,0.149338452489784,-3.9949962460501,6.46952780307321e-05,0.00319353946855888
"Nr1d2_ENSMUSG00000021775","CD11b+","DBP+FITC","UT",FALSE,770.622484955275,0.596416950972404,0.142515208719073,4.18493546290955,2.85247130612439e-05,0.00174990046080336
"Crip1_ENSMUSG00000006360","CD11b+","DBP+FITC","UT",FALSE,10959.4655045057,0.595441885863986,0.151679183286099,3.9256664821359,8.64899255486599e-05,0.00395654129244796
"Tubb6_ENSMUSG00000001473","CD11b+","DBP+FITC","UT",FALSE,879.518018038811,-0.593765721134816,0.163370145294795,-3.63448119644743,0.000278540570171291,0.0089580335491755
"Gm29340_ENSMUSG00000099470","CD11b+","DBP+FITC","UT",FALSE,230.509523467035,0.59356470857426,0.136311996950601,4.35445684791315,1.33397253611856e-05,0.00106889027815422
"Tenc1_ENSMUSG00000037003","CD11b+","DBP+FITC","UT",FALSE,111.859837275729,-0.591081737154156,0.161626518870532,-3.65708388255043,0.000255100917494443,0.00830486514530222
"Ndufc2_ENSMUSG00000030647","CD11b+","DBP+FITC","UT",FALSE,436.515438070745,0.590160968735914,0.155876996206452,3.78606839430159,0.000153049566235648,0.00594987196505104
"Runx3_ENSMUSG00000070691","CD11b+","DBP+FITC","UT",FALSE,284.231860564086,-0.589734951102838,0.146234239131852,-4.03281033637482,5.51137603186393e-05,0.00286726636402803
"Zfp607_ENSMUSG00000020420","CD11b+","DBP+FITC","UT",FALSE,168.355366155135,0.586731988885963,0.148311112834363,3.95608918086427,7.61867294132995e-05,0.00362587335992533
"Gm13340_ENSMUSG00000083563","CD11b+","DBP+FITC","UT",FALSE,2059.90790927185,0.585682704693165,0.144840080023918,4.04365079470026,5.26252827568122e-05,0.00276453132080776
"Ezr_ENSMUSG00000052397","CD11b+","DBP+FITC","UT",FALSE,551.308754335244,-0.583848677791552,0.0984076914732385,-5.93295777038248,2.97525396561102e-09,1.68243222096194e-06
"Zfp748_ENSMUSG00000095432","CD11b+","DBP+FITC","UT",FALSE,308.621030477881,0.578402024100785,0.151395648274811,3.8204666428118,0.000133199419977043,0.00550056593080295
"Tnfsf9_ENSMUSG00000035678","CD11b+","DBP+FITC","UT",FALSE,285.399939540568,-0.578363335314518,0.15524356804629,-3.72552204637596,0.000194911415543984,0.00680458833279046
"Prdx1_ENSMUSG00000028691","CD11b+","DBP+FITC","UT",FALSE,1784.73811199693,0.576109193943822,0.116126801878813,4.96103556304802,7.01183515797436e-07,0.00011275243413876
"Cd48_ENSMUSG00000015355","CD11b+","DBP+FITC","UT",FALSE,988.966519344805,0.576058459044821,0.131017781928329,4.3967959964392,1.09860510074005e-05,0.000925356820170967
"Rbm3_ENSMUSG00000031167","CD11b+","DBP+FITC","UT",FALSE,3017.69447436623,0.573639815387104,0.142643475117679,4.02149355176504,5.78302913984785e-05,0.00297938292530122
"Zfp160_ENSMUSG00000067942","CD11b+","DBP+FITC","UT",FALSE,371.032259321809,0.570459542643268,0.132179163643863,4.31580535779667,1.59022057097704e-05,0.00119695112906236
"Zfyve9_ENSMUSG00000034557","CD11b+","DBP+FITC","UT",FALSE,177.288909415332,-0.564499009304858,0.130317049828136,-4.33173564049622,1.47938503844108e-05,0.00116301580836853
"Gnpda2_ENSMUSG00000029209","CD11b+","DBP+FITC","UT",FALSE,351.29162289926,0.560942674936874,0.124794198043467,4.49494194226474,6.95889313258026e-06,0.000653581706336941
"Trappc2_ENSMUSG00000079317","CD11b+","DBP+FITC","UT",FALSE,265.205524000992,0.560819834373312,0.145376081849983,3.85771735788032,0.000114450886752812,0.00487003225785705
"Emr4_ENSMUSG00000032915","CD11b+","DBP+FITC","UT",FALSE,1533.50792226085,-0.560185144684069,0.148543307262689,-3.77119073896356,0.000162470423846489,0.00613629397965407
"Plekho2_ENSMUSG00000050721","CD11b+","DBP+FITC","UT",FALSE,601.713977693536,-0.559887252917146,0.0907887617601783,-6.16692244791385,6.9631886162633e-10,4.9266880522935e-07
"Tef_ENSMUSG00000022389","CD11b+","DBP+FITC","UT",FALSE,1097.95949583393,0.558252037817878,0.0950398582500306,5.8738727950249,4.25730096942396e-09,2.25913675942482e-06
"Nfe2l2_ENSMUSG00000015839","CD11b+","DBP+FITC","UT",FALSE,1059.25145627221,-0.556517888277519,0.142911710321814,-3.89413776536809,9.8548633622434e-05,0.00426896591279548
"Mki67_ENSMUSG00000031004","CD11b+","DBP+FITC","UT",FALSE,1533.14423481195,-0.556173223209948,0.11824958421714,-4.7033841758687,2.55884283254804e-06,0.00031214941358428
"Pole4_ENSMUSG00000030042","CD11b+","DBP+FITC","UT",FALSE,303.504358482276,0.554371624607293,0.146491270626462,3.78433214645865,0.000154121882915849,0.00596969176418213
"Zfp81_ENSMUSG00000003929","CD11b+","DBP+FITC","UT",FALSE,155.62508442689,0.551647335155249,0.143760119630574,3.83727654493358,0.000124406348875924,0.00517774345341248
"Csf1_ENSMUSG00000014599","CD11b+","DBP+FITC","UT",FALSE,459.826713635177,-0.550527885678427,0.147062720846305,-3.74349041354798,0.000181481529523259,0.00661877482072285
"Pfkp_ENSMUSG00000021196","CD11b+","DBP+FITC","UT",FALSE,570.996688427675,-0.549073528734659,0.126945193897727,-4.32528016127193,1.52338126397258e-05,0.00118012009887161
"Rps17_ENSMUSG00000061787","CD11b+","DBP+FITC","UT",FALSE,3249.12390231108,0.54706323919704,0.121398980702089,4.50632481453466,6.59600937759551e-06,0.000630510218542661
"Tmem119_ENSMUSG00000054675","CD11b+","DBP+FITC","UT",FALSE,144.016320855997,0.54363091873896,0.136007012632158,3.99708006387329,6.41286159498736e-05,0.00319353946855888
"Hs6st1_ENSMUSG00000045216","CD11b+","DBP+FITC","UT",FALSE,215.166872703866,-0.542747278267575,0.137648770340784,-3.94298675479534,8.04731013779725e-05,0.00377903108373638
"Commd8_ENSMUSG00000029213","CD11b+","DBP+FITC","UT",FALSE,692.813866747612,0.535503663809928,0.130941179145816,4.08965053853373,4.32023601631102e-05,0.00237568211611963
"Rtf1_ENSMUSG00000027304","CD11b+","DBP+FITC","UT",FALSE,390.736281881479,-0.535061118774425,0.114278509000898,-4.68207997682415,2.83978637486669e-06,0.000342484690868866
"Cyp2ab1_ENSMUSG00000022818","CD11b+","DBP+FITC","UT",FALSE,188.853472547659,-0.533392347888639,0.143045632173409,-3.72882652748199,0.000192373520111764,0.00677184679529513
"Nfkbid_ENSMUSG00000036931","CD11b+","DBP+FITC","UT",FALSE,1525.96942934476,-0.53155166795852,0.0909577251268193,-5.84394197653246,5.0979791355452e-09,2.45931148025187e-06
"Ttn_ENSMUSG00000051747","CD11b+","DBP+FITC","UT",FALSE,1146.23349464289,-0.530983203139735,0.102808386104159,-5.16478492913775,2.40715538681862e-07,5.21370206536858e-05
"Sesn2_ENSMUSG00000028893","CD11b+","DBP+FITC","UT",FALSE,898.971929442562,-0.527408264015926,0.11193249221338,-4.71184241132159,2.45487189633013e-06,0.000302948319020368
"Paf1_ENSMUSG00000003437","CD11b+","DBP+FITC","UT",FALSE,816.818446417104,-0.527035101732953,0.0931967057449456,-5.65508295084278,1.55771023431823e-08,6.61279148672776e-06
"Tceb1_ENSMUSG00000079658","CD11b+","DBP+FITC","UT",FALSE,922.776326642952,0.526887848361985,0.131174800147785,4.01668497126263,5.9022540120153e-05,0.00301156835718838
"Procr_ENSMUSG00000027611","CD11b+","DBP+FITC","UT",FALSE,209.321827506865,-0.524472630858955,0.123278584649054,-4.25436934040091,2.09639028329182e-05,0.00149322081050846
"Serpina3g_ENSMUSG00000041481","CD11b+","DBP+FITC","UT",FALSE,1642.90102069248,0.524354868047293,0.0763434335445912,6.86836894414794,6.49400932431342e-12,6.89209209589383e-09
"2310001H17Rik_ENSMUSG00000097354","CD11b+","DBP+FITC","UT",FALSE,204.670166450518,0.52308233728835,0.134302350497639,3.89481148580155,9.82751304756712e-05,0.00426896591279548
"Bcl2l11_ENSMUSG00000027381","CD11b+","DBP+FITC","UT",FALSE,538.180580354714,-0.522196959558141,0.124547842543538,-4.1927419126156,2.75602932191587e-05,0.00173033361900869
"Cdc14b_ENSMUSG00000033102","CD11b+","DBP+FITC","UT",FALSE,407.728100704489,0.521890993596053,0.123492492538042,4.22609490560961,2.37781737667739e-05,0.0015539645680871
"Blnk_ENSMUSG00000061132","CD11b+","DBP+FITC","UT",FALSE,772.590842552147,-0.520614155828839,0.115164380047076,-4.52061788216136,6.16593983483641e-06,0.000613476652416684
"Nfatc1_ENSMUSG00000033016","CD11b+","DBP+FITC","UT",FALSE,172.496999784211,-0.518489667173633,0.140469670303087,-3.69111471575966,0.00022327340502014,0.00752254173802775
"Chrac1_ENSMUSG00000068391","CD11b+","DBP+FITC","UT",FALSE,306.316857465647,0.515150861712071,0.113972373094674,4.51996258149464,6.18505623373082e-06,0.000613476652416684
"Ccl9_ENSMUSG00000019122","CD11b+","DBP+FITC","UT",FALSE,807.808473548663,0.513599328577077,0.10320631030376,4.97643338925146,6.47665496731983e-07,0.000108315278878266
"Stxbp6_ENSMUSG00000046314","CD11b+","DBP+FITC","UT",FALSE,715.662935429097,0.513266648709828,0.0938609882207352,5.46837038943982,4.54192003494564e-08,1.46070901002661e-05
"Cldn1_ENSMUSG00000022512","CD11b+","DBP+FITC","UT",FALSE,269.908708387576,0.509274929463735,0.134008946207082,3.80030545629961,0.000144517837268504,0.00578780304502126
"Arhgef9_ENSMUSG00000025656","CD11b+","DBP+FITC","UT",FALSE,714.212329500723,0.504474908119948,0.0850581190794785,5.93094361337294,3.01198645041712e-09,1.68243222096194e-06
"Ndufa1_ENSMUSG00000016427","CD11b+","DBP+FITC","UT",FALSE,316.019887046268,0.503025847309231,0.120835924667972,4.16288325422614,3.14254062353628e-05,0.0018914912997024
"Mbtd1_ENSMUSG00000059474","CD11b+","DBP+FITC","UT",FALSE,945.525574417396,-0.499595990103466,0.128060634192445,-3.90124563456941,9.56989840895096e-05,0.00423188882559152
"Sec22a_ENSMUSG00000034473","CD11b+","DBP+FITC","UT",FALSE,398.181371805725,0.497165030568447,0.103581595403902,4.79974293338331,1.5886941964782e-06,0.000213763376118356
"Zfp120_ENSMUSG00000068134","CD11b+","DBP+FITC","UT",FALSE,768.435076028525,0.496573662269009,0.111993150280559,4.43396458645035,9.25158295138141e-06,0.00080481188412304
"Insm1_ENSMUSG00000068154","CD11b+","DBP+FITC","UT",FALSE,1556.95126880255,-0.494589337091959,0.128637351958976,-3.84483456445596,0.000120633795867798,0.00508050188708311
"Bcl6_ENSMUSG00000022508","CD11b+","DBP+FITC","UT",FALSE,640.753787211756,-0.492813025882985,0.13170708453085,-3.7417351362565,0.000182754072509718,0.00664235949159463
"Katnbl1_ENSMUSG00000027132","CD11b+","DBP+FITC","UT",FALSE,340.097947460577,0.491510173412159,0.129767938028668,3.78760871813789,0.000152104136022129,0.00594987196505104
"Sh3bgrl_ENSMUSG00000031246","CD11b+","DBP+FITC","UT",FALSE,1910.18038884772,0.483659342764171,0.110800358539182,4.36514239792047,1.27039973206871e-05,0.00103713479664964
"Slamf1_ENSMUSG00000015316","CD11b+","DBP+FITC","UT",FALSE,1181.28604685993,0.483653997189824,0.114902205792624,4.20926642664045,2.56201141083259e-05,0.00162818126366265
"Zfp677_ENSMUSG00000062743","CD11b+","DBP+FITC","UT",FALSE,290.577935555755,0.482060160529283,0.123265859255638,3.91073540914156,9.20155286077725e-05,0.00412259679043996
"Zfp36_ENSMUSG00000044786","CD11b+","DBP+FITC","UT",FALSE,10675.8568581018,-0.48169077285542,0.0990856714535733,-4.86135649876599,1.16584079289331e-06,0.000176758119071095
"Zbtb21_ENSMUSG00000046962","CD11b+","DBP+FITC","UT",FALSE,677.660843919061,-0.481332719200446,0.129651814589169,-3.71250275767953,0.00020521982407754,0.00709445600304537
"Mpc1_ENSMUSG00000023861","CD11b+","DBP+FITC","UT",FALSE,374.701036692261,0.479746808853408,0.105546538078771,4.54535807224077,5.48419412728851e-06,0.000582037522729129
"Abracl_ENSMUSG00000078453","CD11b+","DBP+FITC","UT",FALSE,1781.78057015146,0.479573952144233,0.126612448884199,3.78773143060251,0.000152029053667619,0.00594987196505104
"Zfp758_ENSMUSG00000044501","CD11b+","DBP+FITC","UT",FALSE,416.514745099373,0.474876915747763,0.117385904583095,4.04543388266524,5.22263046487962e-05,0.00275760085192873
"Scaf4_ENSMUSG00000022983","CD11b+","DBP+FITC","UT",FALSE,360.944630921833,-0.473072376451828,0.125904582201537,-3.75738808055909,0.000171696116742052,0.00639372241046807
"Map3k4_ENSMUSG00000014426","CD11b+","DBP+FITC","UT",FALSE,158.193049704779,-0.47211242420242,0.125837849015802,-3.751752178656,0.000175603000326334,0.00649363986921038
"Sod3_ENSMUSG00000072941","CD11b+","DBP+FITC","UT",FALSE,507.641247116259,-0.470424372713969,0.0858950751476273,-5.47673276850219,4.33250746821618e-08,1.43690318000557e-05
"Zfand6_ENSMUSG00000030629","CD11b+","DBP+FITC","UT",FALSE,3535.48280051046,0.469179964827256,0.115793275078489,4.05187576315833,5.08086439734969e-05,0.00269616069245361
"Zfp87_ENSMUSG00000097333","CD11b+","DBP+FITC","UT",FALSE,205.139174017819,0.467199105327571,0.129280442498875,3.61384209627559,0.000301692839674843,0.00940684392876668
"Depdc7_ENSMUSG00000027173","CD11b+","DBP+FITC","UT",FALSE,225.449093932234,0.467184925018214,0.123123750983561,3.79443382195683,0.000147980743314001,0.0058820959879831
"Uhrf1_ENSMUSG00000001228","CD11b+","DBP+FITC","UT",FALSE,472.27030989922,0.465519440470016,0.128832571477982,3.61336760672806,0.000302245715604395,0.00940684392876668
"Rnf121_ENSMUSG00000070426","CD11b+","DBP+FITC","UT",FALSE,232.402928234228,0.462618743491193,0.117291092757803,3.94419331096578,8.00690511989288e-05,0.00377676817944103
"Cacna1b_ENSMUSG00000004113","CD11b+","DBP+FITC","UT",FALSE,297.138737427349,-0.461156782489998,0.119559062613953,-3.85714618706102,0.000114718558792449,0.00487003225785705
"Mfge8_ENSMUSG00000030605","CD11b+","DBP+FITC","UT",FALSE,1187.89484981311,-0.459541240935818,0.108448510853905,-4.23741402548981,2.26108957262046e-05,0.00154644032251853
"Lgals3bp_ENSMUSG00000033880","CD11b+","DBP+FITC","UT",FALSE,333.942901908436,-0.458602518905856,0.125116815674629,-3.66539474676583,0.000246957364531559,0.00813962270115973
"Ppia_ENSMUSG00000071866","CD11b+","DBP+FITC","UT",FALSE,11065.3922033193,0.458187736525011,0.1047694075472,4.37329700770325,1.2238404113641e-05,0.00100686963455869
"Mta1_ENSMUSG00000021144","CD11b+","DBP+FITC","UT",FALSE,429.287873423385,-0.455374774164187,0.118305679191502,-3.84913705982844,0.0001185346724783,0.00501198597216014
"Irf4_ENSMUSG00000021356","CD11b+","DBP+FITC","UT",FALSE,4782.92166593406,0.45433027184178,0.0964138385790512,4.71229315768055,2.44944657305634e-06,0.000302948319020368
"Tnpo1_ENSMUSG00000009470","CD11b+","DBP+FITC","UT",FALSE,4927.21874338732,0.453090576704706,0.0657611039688283,6.88994784697468,5.58128459045209e-12,6.58157481760756e-09
"Hipk2_ENSMUSG00000061436","CD11b+","DBP+FITC","UT",FALSE,700.751332851569,-0.452677318856479,0.0875567482305643,-5.17010199675801,2.33966261178859e-07,5.17309152060673e-05
"Fabp5_ENSMUSG00000027533","CD11b+","DBP+FITC","UT",FALSE,11716.7801307047,0.451527808799564,0.0939272629995136,4.80720713433225,1.53053391740576e-06,0.000213731006124044
"Clec7a_ENSMUSG00000079293","CD11b+","DBP+FITC","UT",FALSE,397.48411719851,-0.4499918231549,0.123571079266456,-3.64156261987955,0.000270988190317944,0.00876828556050104
"Vcam1_ENSMUSG00000027962","CD11b+","DBP+FITC","UT",FALSE,1685.23236847603,-0.44977641522968,0.0873597975958679,-5.14855148028588,2.62505743605546e-07,5.27976815348326e-05
"Uqcr10_ENSMUSG00000059534","CD11b+","DBP+FITC","UT",FALSE,333.649307059571,0.448433226824214,0.11324013392051,3.96002027990355,7.494339876427e-05,0.00358467204751787
"Gng5_ENSMUSG00000068523","CD11b+","DBP+FITC","UT",FALSE,1127.78109411618,0.448137851565173,0.118229419630447,3.79040896052716,0.000150399451131114,0.00594987196505104
"Cadm3_ENSMUSG00000005338","CD11b+","DBP+FITC","UT",FALSE,787.572269940308,-0.447198205053632,0.0980685013816238,-4.56005953750028,5.11391197595283e-06,0.000553815793885585
"Cpt1a_ENSMUSG00000024900","CD11b+","DBP+FITC","UT",FALSE,352.013886811511,-0.447030918036703,0.11847696267242,-3.7731463396197,0.000161201669388824,0.00613629397965407
"Decr1_ENSMUSG00000028223","CD11b+","DBP+FITC","UT",FALSE,453.100244595543,0.445252227984787,0.117595421251653,3.78630582080192,0.000152903477289813,0.00594987196505104
"Vps29_ENSMUSG00000029462","CD11b+","DBP+FITC","UT",FALSE,403.52742041283,0.445088385798916,0.120094944920077,3.70613755720628,0.000210444031923825,0.00718148717301463
"Commd6_ENSMUSG00000075486","CD11b+","DBP+FITC","UT",FALSE,255.951528340446,0.442912898582489,0.118794281607954,3.72840251725412,0.000192697421292672,0.00677184679529513
"Tmem167_ENSMUSG00000012422","CD11b+","DBP+FITC","UT",FALSE,1094.14511804616,0.442338249408222,0.117248192931376,3.7726658155586,0.000161512556923144,0.00613629397965407
"Zbtb6_ENSMUSG00000066798","CD11b+","DBP+FITC","UT",FALSE,503.833601011787,0.435811531605384,0.0915466531090552,4.76054030163421,1.93075373055424e-06,0.000256138616779652
"Pvr_ENSMUSG00000040511","CD11b+","DBP+FITC","UT",FALSE,2601.40192092759,-0.433824217251884,0.0973665754566069,-4.45557641539139,8.36680865180284e-06,0.000758948207022082
"Idi1_ENSMUSG00000058258","CD11b+","DBP+FITC","UT",FALSE,3416.72180225936,0.432981315843579,0.0871334688747703,4.969173400704,6.72389208289134e-07,0.000109785641039578
"4933426M11Rik_ENSMUSG00000021133","CD11b+","DBP+FITC","UT",FALSE,416.690182353829,-0.432250118538321,0.102120975603747,-4.23272609748218,2.30875618024142e-05,0.0015539645680871
"Pofut1_ENSMUSG00000046020","CD11b+","DBP+FITC","UT",FALSE,489.770240968544,0.431724909483654,0.110452467243216,3.90869412208781,9.27963663946455e-05,0.00413801611994274
"Elmsan1_ENSMUSG00000042507","CD11b+","DBP+FITC","UT",FALSE,781.858750406861,-0.427261431466183,0.0914889696366916,-4.6700868220821,3.010724615018e-06,0.000359020453249282
"Slc30a4_ENSMUSG00000005802","CD11b+","DBP+FITC","UT",FALSE,2143.80245365164,0.426942687563693,0.080735017910046,5.28819709979364,1.23527833844477e-07,3.04883930370102e-05
"Wdr6_ENSMUSG00000066357","CD11b+","DBP+FITC","UT",FALSE,868.077489373705,0.426082007081043,0.0797299119877777,5.34406719458513,9.08838518562809e-08,2.47320594807874e-05
"2310067B10Rik_ENSMUSG00000020747","CD11b+","DBP+FITC","UT",FALSE,234.479138097555,-0.42473636133775,0.115546847862872,-3.67588012302867,0.000237030814124606,0.00788591859029606
"Zfp597_ENSMUSG00000039789","CD11b+","DBP+FITC","UT",FALSE,471.114700416662,0.424559761290378,0.103149180849988,4.11597802126827,3.85541046289908e-05,0.00217727370076841
"Iah1_ENSMUSG00000062054","CD11b+","DBP+FITC","UT",FALSE,414.689685170309,0.421813401124079,0.0931593699952016,4.52786876023105,5.95815655477931e-06,0.000608018418421854
"Rpe_ENSMUSG00000026005","CD11b+","DBP+FITC","UT",FALSE,533.953461930705,0.42138435445842,0.113611265412469,3.70900150551596,0.00020807819090764,0.0071395857345696
"0610010F05Rik_ENSMUSG00000042208","CD11b+","DBP+FITC","UT",FALSE,415.271138868248,0.421127770779529,0.0991805810094816,4.24607081843238,2.1755189434414e-05,0.00153071404769084
"Insr_ENSMUSG00000005534","CD11b+","DBP+FITC","UT",FALSE,1883.65255466192,0.418526523674217,0.0901442534172794,4.64285306947798,3.43630727402434e-06,0.000396407924991526
"Paip2_ENSMUSG00000037058","CD11b+","DBP+FITC","UT",FALSE,938.365542915341,0.416817055268433,0.114958294095043,3.62581106956776,0.000288055908146466,0.00920824503963387
"S100a13_ENSMUSG00000042312","CD11b+","DBP+FITC","UT",FALSE,424.237831901465,0.416290974080404,0.114700601035549,3.62937046817551,0.000284113252366276,0.00910964938780449
"Fxyd2_ENSMUSG00000059412","CD11b+","DBP+FITC","UT",FALSE,769.666945012092,-0.415715120701106,0.106997121742871,-3.88529255674864,0.00010220673361241,0.00439157920578342
"Gmfb_ENSMUSG00000062014","CD11b+","DBP+FITC","UT",FALSE,1001.53783655702,0.415255698463236,0.0914498353966227,4.5408031262413,5.60403432782088e-06,0.000587226194702536
"Tanc1_ENSMUSG00000035168","CD11b+","DBP+FITC","UT",FALSE,422.170256130203,0.41409867385799,0.114396153297273,3.61986537066417,0.000294756336690939,0.00933805672030131
"Plxna1_ENSMUSG00000030084","CD11b+","DBP+FITC","UT",FALSE,502.184603659528,-0.413179401125588,0.0939629518433388,-4.3972586324711,1.09626686887262e-05,0.000925356820170967
"Hmga1_ENSMUSG00000046711","CD11b+","DBP+FITC","UT",FALSE,600.661762663108,-0.410825592506357,0.0910567420743364,-4.51175369497593,6.42938227839828e-06,0.00062600948734533
"Ube2w_ENSMUSG00000025939","CD11b+","DBP+FITC","UT",FALSE,550.667465820979,0.410608347027316,0.104998458136446,3.91061311103947,9.20621350545813e-05,0.00412259679043996
"Tle3_ENSMUSG00000032280","CD11b+","DBP+FITC","UT",FALSE,1679.98698930958,-0.409251613934386,0.0749595704262132,-5.45963125999015,4.77124482256387e-08,1.4893300382903e-05
"Foxn2_ENSMUSG00000034998","CD11b+","DBP+FITC","UT",FALSE,4377.65363457779,0.408387251763249,0.0864457087214309,4.7242050276812,2.31017259792461e-06,0.000295395925081613
"Adam19_ENSMUSG00000011256","CD11b+","DBP+FITC","UT",FALSE,1953.44514615285,-0.406892193207317,0.0857571832419303,-4.74470100142434,2.08814541969661e-06,0.000273598609126421
"Nudt9_ENSMUSG00000029310","CD11b+","DBP+FITC","UT",FALSE,755.899065136205,-0.406522679051104,0.0998284324597729,-4.07221338685166,4.65684859904177e-05,0.00253451970162207
"Scube3_ENSMUSG00000038677","CD11b+","DBP+FITC","UT",FALSE,1836.55494734589,-0.404945361759252,0.0946039676722537,-4.28042683328195,1.86535207343253e-05,0.00135595764077667
"Aff1_ENSMUSG00000029313","CD11b+","DBP+FITC","UT",FALSE,2134.81496448262,-0.404596393583567,0.107266889899581,-3.77186654672597,0.000162030914630326,0.00613629397965407
"Plxnb2_ENSMUSG00000036606","CD11b+","DBP+FITC","UT",FALSE,846.037935197979,-0.403682757712459,0.0947463309750542,-4.26066902599896,2.03815872994199e-05,0.00146486588477543
"Cdcp1_ENSMUSG00000035498","CD11b+","DBP+FITC","UT",FALSE,685.25150428901,-0.403462952775964,0.0928238804686345,-4.34654262178034,1.38300187354473e-05,0.00109535812566643
"Emc2_ENSMUSG00000022337","CD11b+","DBP+FITC","UT",FALSE,600.925698262013,0.401600722447439,0.101417055502636,3.95989333802933,7.49832464476554e-05,0.00358467204751787
"Vps35_ENSMUSG00000031696","CD11b+","DBP+FITC","UT",FALSE,2729.13037014783,0.401344161657054,0.107467736651041,3.73455489213717,0.000188047474325691,0.00674239136830596
"Wbp2_ENSMUSG00000034341","CD11b+","DBP+FITC","UT",FALSE,608.446344334553,-0.399534182701293,0.104824008016732,-3.81147592293474,0.000138139512728613,0.00559570476560599
"Gnai3_ENSMUSG00000000001","CD11b+","DBP+FITC","UT",FALSE,4435.3890718269,0.397015072087627,0.106408124338811,3.73105977155938,0.000190675973682051,0.00677184679529513
"Zfx_ENSMUSG00000079509","CD11b+","DBP+FITC","UT",FALSE,1370.44808099374,0.393597571067205,0.102452539281391,3.84175515636727,0.000122157659655175,0.00512434482972478
"Ern1_ENSMUSG00000020715","CD11b+","DBP+FITC","UT",FALSE,314.713392091916,-0.392741599858257,0.103897650643487,-3.78008162288391,0.000156776954595777,0.00602852833016297
"Smim14_ENSMUSG00000037822","CD11b+","DBP+FITC","UT",FALSE,712.839793312105,-0.38787069330966,0.0918167353852097,-4.22440083153011,2.39577316761685e-05,0.0015539645680871
"Tsc22d3_ENSMUSG00000031431","CD11b+","DBP+FITC","UT",FALSE,1441.39228969294,0.387481322427456,0.0937273005953877,4.13413509154796,3.56293863672819e-05,0.0020352348675823
"Phf21a_ENSMUSG00000058318","CD11b+","DBP+FITC","UT",FALSE,1959.4769459177,-0.387081211038365,0.0908606584275799,-4.26016295432073,2.04277914771285e-05,0.00146486588477543
"Rabgap1l_ENSMUSG00000026721","CD11b+","DBP+FITC","UT",FALSE,12508.1577164596,0.386489031379775,0.0870434137110802,4.44018696994851,8.98807549774484e-06,0.000794920377146384
"Dscaml1_ENSMUSG00000032087","CD11b+","DBP+FITC","UT",FALSE,1647.39632384195,-0.386288453830443,0.0887295543548385,-4.3535489008052,1.33951198524933e-05,0.00106889027815422
"Prdx3_ENSMUSG00000024997","CD11b+","DBP+FITC","UT",FALSE,575.279790801356,0.385665685999693,0.103193831044828,3.73729400386501,0.000186011374928683,0.00671475755822486
"Ptbp1_ENSMUSG00000006498","CD11b+","DBP+FITC","UT",FALSE,1310.81915811512,-0.385329455174537,0.0748955169878711,-5.14489345519757,2.67672684162676e-07,5.27976815348326e-05
"Arap1_ENSMUSG00000032812","CD11b+","DBP+FITC","UT",FALSE,466.158437972953,-0.384720377838805,0.101009004057603,-3.80877310323154,0.000139658037321232,0.00561435890185694
"Rps29_ENSMUSG00000034892","CD11b+","DBP+FITC","UT",FALSE,6588.02989632725,0.384321785244188,0.0909878209376154,4.22388162815431,2.40130207449622e-05,0.0015539645680871
"Zfp518a_ENSMUSG00000049164","CD11b+","DBP+FITC","UT",FALSE,851.46152595159,0.383906419676487,0.0915925527772544,4.19145889087857,2.77166414050199e-05,0.00173033361900869
"Atr_ENSMUSG00000032409","CD11b+","DBP+FITC","UT",FALSE,1390.99415785157,0.382781910009779,0.0712436315685534,5.37285791841551,7.74983938841145e-08,2.22294717376245e-05
"Capg_ENSMUSG00000056737","CD11b+","DBP+FITC","UT",FALSE,860.556403166671,0.382681393610833,0.088377787721466,4.33006305630667,1.49066650721928e-05,0.00116326791478811
"Irf2bp2_ENSMUSG00000051495","CD11b+","DBP+FITC","UT",FALSE,1020.46339027833,-0.381358050490687,0.0978501026706014,-3.89736995754082,9.72430089254949e-05,0.0042470784103962
"H2-Q7_ENSMUSG00000060550","CD11b+","DBP+FITC","UT",FALSE,6878.48100646425,-0.381144599764716,0.078762513811055,-4.83916245587402,1.303874356478e-06,0.000189561897880835
"Trim12c_ENSMUSG00000057143","CD11b+","DBP+FITC","UT",FALSE,476.878828087101,0.381094917573148,0.101457572307239,3.75619984695769,0.000172512951949051,0.00640167817844502
"Ptk2b_ENSMUSG00000059456","CD11b+","DBP+FITC","UT",FALSE,2653.13437372407,-0.378343242428622,0.0682730825381519,-5.54161652532971,2.9969204286429e-08,1.09676953479956e-05
"Zfp942_ENSMUSG00000071267","CD11b+","DBP+FITC","UT",FALSE,504.707320240105,0.378131799679745,0.0940788069280308,4.01930904554319,5.83690667717522e-05,0.00299261307076621
"Ly86_ENSMUSG00000021423","CD11b+","DBP+FITC","UT",FALSE,1027.71546274056,0.377346634354022,0.095627441383327,3.94600784979084,7.94650094880903e-05,0.00376500957900492
"Ccnc_ENSMUSG00000028252","CD11b+","DBP+FITC","UT",FALSE,415.783732819284,0.376532875144784,0.103959458700385,3.62192031251302,0.000292424208768446,0.00929191056185484
"Fam126a_ENSMUSG00000028995","CD11b+","DBP+FITC","UT",FALSE,927.544643508722,0.375660757567539,0.0971702001530236,3.86600786018706,0.000110631373754547,0.00473439826474599
"Pign_ENSMUSG00000056536","CD11b+","DBP+FITC","UT",FALSE,1026.36794449726,0.375600599519203,0.077523967002818,4.84496103644374,1.26636528415606e-06,0.000186665760565948
"Ensa_ENSMUSG00000038619","CD11b+","DBP+FITC","UT",FALSE,2858.84437063062,0.37404522659464,0.0935068682231201,4.00018986522056,6.32916835486721e-05,0.00317672030585673
"Baiap2_ENSMUSG00000025372","CD11b+","DBP+FITC","UT",FALSE,835.555263133842,-0.37161035035375,0.0926808883722795,-4.00956828187781,6.0829861385893e-05,0.00308893454013628
"Epc1_ENSMUSG00000024240","CD11b+","DBP+FITC","UT",FALSE,1397.49491935716,-0.370379801415543,0.101255902625752,-3.65785886857865,0.000254331017364071,0.00830486514530222
"mt-Co1_ENSMUSG00000064351","CD11b+","DBP+FITC","UT",FALSE,44423.8517193384,0.37004312540803,0.0982845926000743,3.76501662792414,0.000166537999323797,0.00624546921139031
"Dnm1l_ENSMUSG00000022789","CD11b+","DBP+FITC","UT",FALSE,5056.02540555346,0.36852049072637,0.0895855138373505,4.11361697824771,3.89507518021867e-05,0.0021872186713048
"Sf1_ENSMUSG00000024949","CD11b+","DBP+FITC","UT",FALSE,1894.94600717275,-0.367129137188626,0.0865462580020218,-4.24199896869082,2.21537710351024e-05,0.00154644032251853
"Crk_ENSMUSG00000017776","CD11b+","DBP+FITC","UT",FALSE,1209.69350928236,0.366797163259661,0.0737311583180906,4.97479181972466,6.53177974956096e-07,0.000108315278878266
"Cdc123_ENSMUSG00000039128","CD11b+","DBP+FITC","UT",FALSE,352.072604097875,0.364646969022221,0.0970317060855957,3.75801873153247,0.000171264063305271,0.00639372241046807
"Rbm22_ENSMUSG00000024604","CD11b+","DBP+FITC","UT",FALSE,889.694324910483,-0.36421130942009,0.0798082651564476,-4.56357883116654,5.02889145930134e-06,0.000551438765807757
"Nedd1_ENSMUSG00000019988","CD11b+","DBP+FITC","UT",FALSE,1270.27769830958,0.363376677547976,0.0692911660512877,5.24419919963554,1.56962549144934e-07,3.70187452016708e-05
"Tmem18_ENSMUSG00000043061","CD11b+","DBP+FITC","UT",FALSE,1478.03114687698,0.361804247397244,0.0875216952918173,4.13388070456023,3.56688669905124e-05,0.0020352348675823
"Pdcl_ENSMUSG00000009030","CD11b+","DBP+FITC","UT",FALSE,479.897959388481,0.358093054964523,0.0919916367780097,3.89266967636045,9.91471092312129e-05,0.00427743199297098
"Ube3a_ENSMUSG00000025326","CD11b+","DBP+FITC","UT",FALSE,952.106203748716,0.357647631971861,0.0791067444787555,4.52107635484746,6.1525989218255e-06,0.000613476652416684
"Cln5_ENSMUSG00000022125","CD11b+","DBP+FITC","UT",FALSE,863.310675125103,0.355682091119091,0.0826276883092786,4.30463562998107,1.67260796011886e-05,0.00124135582382808
"H13_ENSMUSG00000019188","CD11b+","DBP+FITC","UT",FALSE,801.107249597819,-0.354599244212732,0.0836872884099404,-4.23719361626028,2.26330954107282e-05,0.00154644032251853
"Ccdc117_ENSMUSG00000020482","CD11b+","DBP+FITC","UT",FALSE,482.260872265855,0.353117939143162,0.0963230810536054,3.66597429484887,0.000246398676502391,0.00813962270115973
"Rab14_ENSMUSG00000026878","CD11b+","DBP+FITC","UT",FALSE,2551.49114579336,0.352377788052263,0.0866063149645197,4.06873087945865,4.7269906745912e-05,0.00255501298395554
"Unc93b1_ENSMUSG00000036908","CD11b+","DBP+FITC","UT",FALSE,958.939494856428,-0.350817694234673,0.0863348481872236,-4.0634541161629,4.83518305370282e-05,0.00259170695701758
"Vhl_ENSMUSG00000033933","CD11b+","DBP+FITC","UT",FALSE,4875.62535829514,0.348078680278024,0.0830929629508409,4.18902718012297,2.80152847278222e-05,0.00173874980594373
"Pak4_ENSMUSG00000030602","CD11b+","DBP+FITC","UT",FALSE,780.319725014412,-0.347627369563597,0.0771738424511996,-4.5044714442386,6.65383439901801e-06,0.000630510218542661
"Trio_ENSMUSG00000022263","CD11b+","DBP+FITC","UT",FALSE,4762.98379418723,-0.347112272729758,0.0784182107617549,-4.42642428790338,9.58079884003526e-06,0.000820008210397534
"Ncoa4_ENSMUSG00000056234","CD11b+","DBP+FITC","UT",FALSE,2769.89464167271,0.346763681397273,0.0705517995380694,4.91502248940031,8.87722684892487e-07,0.000138550012570058
"Lypla1_ENSMUSG00000025903","CD11b+","DBP+FITC","UT",FALSE,1128.26437885373,0.345725933914138,0.0839978158110126,4.1158919500001,3.85684967251919e-05,0.00217727370076841
"Reps1_ENSMUSG00000019854","CD11b+","DBP+FITC","UT",FALSE,634.950045808549,-0.344324052105182,0.0903183808482143,-3.81233641338013,0.000137659336807826,0.00559570476560599
"Trp53bp1_ENSMUSG00000043909","CD11b+","DBP+FITC","UT",FALSE,664.485257197167,-0.34417834048381,0.0932735920507101,-3.68998698256083,0.000224265527619972,0.00753205710326192
"Ghitm_ENSMUSG00000041028","CD11b+","DBP+FITC","UT",FALSE,5542.95169926608,0.343518031979626,0.0955529740374479,3.59505327217757,0.000324325205225953,0.00997699537119722
"Fnbp4_ENSMUSG00000008200","CD11b+","DBP+FITC","UT",FALSE,916.011275872709,-0.341964030677245,0.0948612365113962,-3.60488691960244,0.000312288873928493,0.00966274582799737
"Trappc3_ENSMUSG00000028847","CD11b+","DBP+FITC","UT",FALSE,549.633100747577,0.341534902732282,0.0906396136156918,3.76805338315294,0.000164525523724327,0.00619187724569603
"Suox_ENSMUSG00000049858","CD11b+","DBP+FITC","UT",FALSE,785.617082783019,0.3412432265558,0.0868010253806283,3.9313271365105,8.44782276218232e-05,0.00389811925978439
"Sema6d_ENSMUSG00000027200","CD11b+","DBP+FITC","UT",FALSE,8015.22214982509,-0.3405779636662,0.0820477506443025,-4.1509725859846,3.31065422735418e-05,0.00196687743298604
"Gpbp1_ENSMUSG00000032745","CD11b+","DBP+FITC","UT",FALSE,5071.00537489017,0.337466120719785,0.0848009975294329,3.97950649817129,6.90584725870388e-05,0.00334665556879563
"Ehd1_ENSMUSG00000024772","CD11b+","DBP+FITC","UT",FALSE,1865.91122689902,-0.3349632850081,0.088396881731338,-3.78931109839535,0.000151065634610491,0.00594987196505104
"Acot9_ENSMUSG00000025287","CD11b+","DBP+FITC","UT",FALSE,989.204346156387,0.334912489157498,0.0885879583691579,3.78056448441755,0.000156473184001276,0.00602852833016297
"Smek2_ENSMUSG00000020463","CD11b+","DBP+FITC","UT",FALSE,1850.4030467454,0.333832531664914,0.0648947305670205,5.14421631383685,2.68639857050877e-07,5.27976815348326e-05
"Ddx24_ENSMUSG00000041645","CD11b+","DBP+FITC","UT",FALSE,1035.33389885821,-0.332314933534192,0.0816908056660225,-4.06796004550131,4.7426510679284e-05,0.00255501298395554
"Spr_ENSMUSG00000033735","CD11b+","DBP+FITC","UT",FALSE,932.052481074537,0.329728116293279,0.0882495759441926,3.73631388893917,0.000186737543670344,0.00671812051177412
"Pygb_ENSMUSG00000033059","CD11b+","DBP+FITC","UT",FALSE,949.883141373365,0.329553289340777,0.0811616674086921,4.06045489037702,4.89771996181799e-05,0.00261203527410926
"Cse1l_ENSMUSG00000002718","CD11b+","DBP+FITC","UT",FALSE,649.342228816437,0.325199614681413,0.0880516188302545,3.69328376924372,0.000221376754076789,0.00748239328349352
"Wdtc1_ENSMUSG00000037622","CD11b+","DBP+FITC","UT",FALSE,815.133630758984,-0.323133638121542,0.0856068565966826,-3.77462333004368,0.00016024961367519,0.00613629397965407
"Adam23_ENSMUSG00000025964","CD11b+","DBP+FITC","UT",FALSE,17720.5165950937,0.321298392757469,0.0864452787568359,3.71678358122088,0.000201775140095481,0.00702111331748637
"Casp3_ENSMUSG00000031628","CD11b+","DBP+FITC","UT",FALSE,4155.27258979127,0.321191388636766,0.0590719435852375,5.4372917013185,5.40965346346524e-08,1.64036149165019e-05
"Gramd1a_ENSMUSG00000001248","CD11b+","DBP+FITC","UT",FALSE,1450.83527649828,-0.32091336854673,0.0745241311409162,-4.30616719220679,1.66107529506979e-05,0.00124135582382808
"Nedd4_ENSMUSG00000032216","CD11b+","DBP+FITC","UT",FALSE,2082.48870081468,-0.317291803310047,0.0672282808590348,-4.71961798302337,2.3628796728239e-06,0.000298538594853334
"Sh3pxd2a_ENSMUSG00000053617","CD11b+","DBP+FITC","UT",FALSE,1940.81532335271,-0.314739996158414,0.0742785598018988,-4.23729265884835,2.26231172460835e-05,0.00154644032251853
"Idh1_ENSMUSG00000025950","CD11b+","DBP+FITC","UT",FALSE,4053.87647610345,0.314358942825553,0.0785981047767574,3.99957408284116,6.34565820071259e-05,0.00317672030585673
"Icam1_ENSMUSG00000037405","CD11b+","DBP+FITC","UT",FALSE,9259.7960633597,-0.312839241477593,0.0756597925418422,-4.134814952137,3.55240761816405e-05,0.0020352348675823
"Kif3b_ENSMUSG00000027475","CD11b+","DBP+FITC","UT",FALSE,635.904886057015,0.311546742198009,0.0839428073436799,3.71141676168239,0.000206102444062765,0.00710183519103286
"Vps13a_ENSMUSG00000046230","CD11b+","DBP+FITC","UT",FALSE,1759.20253470838,0.306119852612781,0.0737575359692189,4.1503535684887,3.31962086390361e-05,0.00196687743298604
"Ncor1_ENSMUSG00000018501","CD11b+","DBP+FITC","UT",FALSE,2527.42838937464,-0.305957545597621,0.082503123888041,-3.70843588920116,0.000208543444616657,0.0071395857345696
"Edc4_ENSMUSG00000036270","CD11b+","DBP+FITC","UT",FALSE,748.643682413896,-0.305036031716349,0.0813849660699758,-3.74806363443189,0.000178205047574033,0.00654425664326369
"Napa_ENSMUSG00000006024","CD11b+","DBP+FITC","UT",FALSE,697.882508548353,-0.300046653880389,0.0751993096537964,-3.99001872838657,6.6068078287964e-05,0.00324620608736186
"Zc3hav1_ENSMUSG00000029826","CD11b+","DBP+FITC","UT",FALSE,2227.99761280854,-0.298863682243474,0.070389961010674,-4.24582821118702,2.17787450486494e-05,0.00153071404769084
"Zmynd15_ENSMUSG00000040829","CD11b+","DBP+FITC","UT",FALSE,2231.73653020087,-0.298559077314582,0.0799875397865688,-3.73256982414048,0.000189536132676455,0.00677184679529513
"Ccng2_ENSMUSG00000029385","CD11b+","DBP+FITC","UT",FALSE,5243.19273810598,0.298503322200228,0.0621742258187987,4.80107823248479,1.57813597046001e-06,0.000213763376118356
"Sri_ENSMUSG00000003161","CD11b+","DBP+FITC","UT",FALSE,3372.23000144695,0.298072533012496,0.0581731097464062,5.12388858549735,2.99297879387954e-07,5.77536071626247e-05
"Sept7_ENSMUSG00000001833","CD11b+","DBP+FITC","UT",FALSE,1607.28930766684,0.296971491039483,0.0745569212007705,3.98315121194159,6.80074534964365e-05,0.00331083992641138
"Rnf19b_ENSMUSG00000028793","CD11b+","DBP+FITC","UT",FALSE,15870.4211163863,-0.296931306485838,0.0715847976781223,-4.14796599441373,3.35442208018914e-05,0.00196687743298604
"Pnpla8_ENSMUSG00000036257","CD11b+","DBP+FITC","UT",FALSE,4555.21274811546,0.295526989395393,0.0597200286251707,4.94854065208593,7.4771974990864e-07,0.000118441040384782
"Sec11c_ENSMUSG00000024516","CD11b+","DBP+FITC","UT",FALSE,2700.77954261711,0.29477841469377,0.0704761210605644,4.18267081470686,2.88104403465354e-05,0.00175727128389529
"Psma1_ENSMUSG00000030751","CD11b+","DBP+FITC","UT",FALSE,1140.1650025545,0.290424020954097,0.0775246354563568,3.74621588665959,0.00017952211163879,0.00656989024421544
"Nabp1_ENSMUSG00000026107","CD11b+","DBP+FITC","UT",FALSE,8126.13668659404,0.290395018204811,0.0652397559097036,4.45119719035641,8.53928826099277e-06,0.000768029375541663
"Dpysl2_ENSMUSG00000022048","CD11b+","DBP+FITC","UT",FALSE,619.258098511954,-0.290310691691107,0.0804195280006533,-3.609952693191,0.000306252854255548,0.00950368871992435
"Bmf_ENSMUSG00000040093","CD11b+","DBP+FITC","UT",FALSE,2946.98980573987,0.290119832885475,0.0671960858158871,4.31751089907803,1.57798619028253e-05,0.00119622624553346
"Irf5_ENSMUSG00000029771","CD11b+","DBP+FITC","UT",FALSE,1941.78972165261,-0.2883082327426,0.0694989101902138,-4.14838494522461,3.34829049933856e-05,0.00196687743298604
"Far1_ENSMUSG00000030759","CD11b+","DBP+FITC","UT",FALSE,4837.20865989722,0.286260891828653,0.079208241468108,3.61402912781382,0.000301475170601733,0.00940684392876668
"Serpinb9_ENSMUSG00000045827","CD11b+","DBP+FITC","UT",FALSE,11478.5645226006,0.284309320712537,0.0648219500267238,4.38600382424974,1.1545209199512e-05,0.000957260197143914
"Gab2_ENSMUSG00000004508","CD11b+","DBP+FITC","UT",FALSE,971.091727743811,-0.283294583072646,0.0703084877149847,-4.02930844169286,5.5941179352402e-05,0.00289611578764411
"Dnajc1_ENSMUSG00000026740","CD11b+","DBP+FITC","UT",FALSE,1296.24954596265,-0.281857411063707,0.073986906938406,-3.8095579708225,0.000139215463066142,0.00561435890185694
"Sept2_ENSMUSG00000026276","CD11b+","DBP+FITC","UT",FALSE,3863.62708283298,0.281813813224233,0.0628838115983366,4.48150018361304,7.41201691910871e-06,0.00068403248315218
"Nfkbie_ENSMUSG00000023947","CD11b+","DBP+FITC","UT",FALSE,2408.115642671,-0.279566936303551,0.0773156306732282,-3.61591742664728,0.000299285773615056,0.00940684392876668
"Cebpg_ENSMUSG00000056216","CD11b+","DBP+FITC","UT",FALSE,935.161509865495,0.279538430072275,0.0766721999896134,3.64589029804993,0.000266467641385614,0.00864838250160709
"Atrx_ENSMUSG00000031229","CD11b+","DBP+FITC","UT",FALSE,4946.6770832784,0.271415293918088,0.0692347912038061,3.92021538880826,8.84698627929177e-05,0.00402974529537011
"Wtap_ENSMUSG00000060475","CD11b+","DBP+FITC","UT",FALSE,1410.24193236864,0.269766953429313,0.0742119867443874,3.63508599168065,0.000277887928544712,0.0089580335491755
"Rhog_ENSMUSG00000073982","CD11b+","DBP+FITC","UT",FALSE,1722.957215441,-0.269561034980972,0.0643880747703385,-4.18650559039778,2.83281959402169e-05,0.00174794850879955
"Golph3l_ENSMUSG00000046519","CD11b+","DBP+FITC","UT",FALSE,1675.95191219618,0.265737319482851,0.0722391241152315,3.67857892433694,0.000234537115608856,0.00782749184892071
"Brd2_ENSMUSG00000024335","CD11b+","DBP+FITC","UT",FALSE,2440.34511048326,-0.264784704491035,0.0679313377360328,-3.89782850324447,9.70591103955447e-05,0.0042470784103962
"1700020I14Rik_ENSMUSG00000085438","CD11b+","DBP+FITC","UT",FALSE,2131.04570220379,0.259756646885785,0.0633096434328443,4.10295545514045,4.0790580734522e-05,0.00227835570384945
"Ndnf_ENSMUSG00000049001","CD11b+","DBP+FITC","UT",FALSE,2153.54487049123,-0.257871235031809,0.0656139525494016,-3.93012804460536,8.49006369855488e-05,0.00390065134340965
"Arid1b_ENSMUSG00000069729","CD11b+","DBP+FITC","UT",FALSE,3441.72147651494,-0.257166650279452,0.0580755312733387,-4.42814115757408,9.50486913260197e-06,0.000820008210397534
"Eif4a1_ENSMUSG00000059796","CD11b+","DBP+FITC","UT",FALSE,3027.79924819516,0.255134091465488,0.0651479603182522,3.91622531571428,8.99461903633927e-05,0.00407948255695165
"Stxbp3a_ENSMUSG00000027882","CD11b+","DBP+FITC","UT",FALSE,3385.24068952914,0.251263163542424,0.0639105723778127,3.93148041386738,8.44243753177792e-05,0.00389811925978439
"Rsrc2_ENSMUSG00000029422","CD11b+","DBP+FITC","UT",FALSE,1332.51283835013,-0.249115267516294,0.0667725655011244,-3.73080269788494,0.000190870662550433,0.00677184679529513
"Nek7_ENSMUSG00000026393","CD11b+","DBP+FITC","UT",FALSE,1827.10997947654,0.238387063292445,0.0635550996196899,3.75087230952259,0.000176220430359869,0.00649384523406003
"Ogfrl1_ENSMUSG00000026158","CD11b+","DBP+FITC","UT",FALSE,8234.63942965118,0.233361207775447,0.0568930361763935,4.10175345629164,4.10031036874818e-05,0.00227835570384945
"Usp19_ENSMUSG00000006676","CD11b+","DBP+FITC","UT",FALSE,1364.33520648967,-0.224113696242991,0.0619337660388769,-3.61860275220968,0.000296197895215986,0.00935579839859303
"Eif3f_ENSMUSG00000031029","CD11b+","DBP+FITC","UT",FALSE,2845.78727274223,-0.214242369348356,0.0557989693676051,-3.83953990147957,0.000123265095715105,0.00515044275915121
